plot_id,lon,lat,certainty
1,-51.39617813,64.1270701,certain
2,-51.39583864,64.12723113,certain
3,-51.39572744,64.12727829,certain
3.01,-51.39570099,64.12728856,certain
3.02,-51.39567439,64.1273,certain
3.03,-51.39565211,64.12731037,certain
3.04,-51.39562682,64.12732163,certain
3.05,-51.39559948,64.12733504,likely
3.06,-51.39549668,64.12738162,certain
3.07,-51.39547348,64.12739135,certain
3.08,-51.39544632,64.12740322,certain
3.09,-51.39542098,64.12741425,certain
3.1,-51.39539485,64.12742633,certain
4,-51.3953682,64.12743759,certain
4.01,-51.39533964,64.12744826,certain
4.02,-51.39530763,64.12745911,certain
4.03,-51.39528066,64.12747265,likely
4.04,-51.39525038,64.12748478,likely
4.05,-51.39522008,64.12749691,likely
4.06,-51.39518792,64.12750979,likely
4.07,-51.39515763,64.12752192,likely
4.08,-51.39512602,64.12753338,certain
4.09,-51.39509744,64.12754463,certain
4.1,-51.3950688,64.1275575,likely
5,-51.3950413,64.12756851,certain
5.01,-51.39501203,64.12758111,likely
5.02,-51.39498845,64.12759268,certain
5.03,-51.39496299,64.1276035,certain
5.04,-51.394937,64.12761449,certain
5.05,-51.39491041,64.12762652,certain
5.06,-51.39502645,64.1275875,possible
5.07,-51.39500152,64.12759823,possible
5.08,-51.39497605,64.12760919,possible
5.09,-51.39495029,64.12762028,possible
5.1,-51.39492304,64.12763201,possible
6,-51.3948804,64.12763778,certain
6.01,-51.39482397,64.12765883,certain
6.02,-51.39479538,64.12767051,certain
6.03,-51.39476924,64.12768436,possible
6.04,-51.39484944,64.12762368,possible
6.05,-51.39482505,64.12763396,certain
6.06,-51.39479533,64.12764636,possible
6.07,-51.39476569,64.12765878,possible
6.08,-51.39473604,64.12767121,possible
7,-51.39474503,64.12769451,certain
7.01,-51.39471693,64.12770598,certain
7.02,-51.39468919,64.12771683,certain
7.03,-51.39466172,64.12772794,certain
7.04,-51.3946344,64.1277402,certain
7.05,-51.39460886,64.12775121,certain
7.06,-51.39437825,64.12786959,likely
7.07,-51.3943505,64.12788283,likely
7.08,-51.39432276,64.12789608,likely
7.09,-51.39429498,64.12790934,likely
7.1,-51.39426725,64.12792257,likely
8,-51.39423951,64.12793581,certain
8.01,-51.39421342,64.12794962,possible
8.02,-51.39418728,64.12796345,possible
8.03,-51.39416108,64.12797731,possible
8.04,-51.39413507,64.12799108,possible
8.05,-51.39410891,64.12800492,possible
8.06,-51.39419879,64.12793803,likely
8.07,-51.39417118,64.12795162,certain
8.08,-51.39414862,64.1279645,certain
8.09,-51.39412678,64.12797799,certain
8.1,-51.39409965,64.12799147,likely
9,-51.39410001,64.12800963,certain
9.01,-51.39407347,64.12802235,certain
9.02,-51.39405035,64.12803449,certain
9.03,-51.3940272,64.12804476,certain
9.04,-51.39400472,64.1280552,certain
9.05,-51.39397869,64.12806821,certain
9.06,-51.39383245,64.12814504,certain
9.07,-51.39380503,64.12815506,certain
9.08,-51.393775,64.12816671,certain
9.09,-51.39374577,64.12817892,certain
9.1,-51.39371725,64.12819139,certain
10,-51.39368521,64.12820292,certain
10.01,-51.39365781,64.12821478,certain
10.02,-51.39363021,64.12822687,certain
10.03,-51.39360053,64.12823949,certain
10.04,-51.393573,64.12825241,certain
10.05,-51.39354396,64.12826443,certain
10.06,-51.39270149,64.12867117,certain
10.07,-51.39267355,64.12868478,certain
10.08,-51.39265121,64.1286972,certain
10.09,-51.39262847,64.12870882,certain
10.1,-51.39260368,64.12872343,certain
11,-51.39257902,64.12873664,certain
12,-51.39242839,64.12879459,certain
12.01,-51.39239799,64.1288058,certain
12.02,-51.39236812,64.12881595,certain
12.03,-51.39233527,64.12882704,certain
12.04,-51.39230341,64.12883834,likely
12.05,-51.39227335,64.12884887,certain
12.06,-51.39133156,64.12919056,certain
12.07,-51.39130326,64.129203,certain
12.08,-51.39127118,64.12921496,certain
12.09,-51.39124304,64.12922779,certain
12.1,-51.3912141,64.12923982,certain
13,-51.39118486,64.12925186,certain
13.01,-51.39115622,64.12926429,certain
13.02,-51.39112673,64.12927664,certain
13.03,-51.39109817,64.12928875,certain
13.04,-51.39107023,64.12930152,certain
13.05,-51.3910402,64.12931376,certain
13.06,-51.39044527,64.12956349,certain
13.07,-51.39041646,64.12957671,certain
13.08,-51.39038717,64.12958859,certain
13.09,-51.39035788,64.12960075,certain
13.1,-51.39032827,64.12961317,certain
14,-51.3902961,64.12962411,certain
15,-51.38929758,64.13005193,certain
15.01,-51.38926982,64.13006418,certain
15.02,-51.38923839,64.13007558,likely
15.03,-51.38921254,64.13008986,certain
15.04,-51.3891739,64.1301087,certain
15.05,-51.38914212,64.13012022,certain
15.06,-51.3891091,64.13012992,certain
15.07,-51.38907625,64.1301385,certain
15.08,-51.38904392,64.13015446,certain
15.09,-51.389183,64.13012204,uncertain
15.1,-51.38912754,64.13009556,uncertain
16,-51.38901269,64.13016578,certain
17,-51.38895452,64.13018885,certain
17.01,-51.38892507,64.13020107,certain
17.02,-51.38889552,64.13021389,certain
17.03,-51.38886385,64.13022593,certain
17.04,-51.38883446,64.13023752,certain
17.05,-51.38880509,64.13024933,certain
17.06,-51.38877222,64.13025996,certain
17.07,-51.38873914,64.13027187,certain
17.08,-51.38870988,64.13028355,certain
17.09,-51.38867839,64.13029487,certain
17.1,-51.38877469,64.13023406,uncertain
18,-51.38865222,64.13030503,certain
19,-51.38851692,64.13036515,possible
19.01,-51.38848814,64.13037794,uncertain
19.02,-51.38851743,64.13039053,uncertain
19.03,-51.38845884,64.13036536,uncertain
20,-51.38845926,64.13039077,certain
20.01,-51.38843069,64.13040367,likely
20.02,-51.38840037,64.13041736,certain
20.03,-51.38836923,64.13043166,certain
20.04,-51.38834032,64.13044446,likely
20.05,-51.38831175,64.13045736,likely
20.06,-51.38828318,64.13047025,likely
20.07,-51.38836721,64.13045803,likely
20.08,-51.38839406,64.13047158,likely
20.09,-51.38831247,64.13042991,certain
20.1,-51.38828652,64.1304173,certain
21,-51.38825367,64.13048357,certain
21.01,-51.38822614,64.13049612,certain
21.02,-51.38819886,64.13050967,certain
21.03,-51.38816839,64.13052208,certain
21.04,-51.38812501,64.13054148,likely
21.05,-51.38811074,64.13054791,likely
21.06,-51.38805561,64.13057419,certain
21.07,-51.38802753,64.13058618,certain
21.08,-51.38799804,64.1305988,certain
21.09,-51.38797006,64.13061131,certain
21.1,-51.38794109,64.13062433,certain
22,-51.38791251,64.13063713,certain
22.01,-51.38788212,64.13064935,certain
22.02,-51.38785322,64.13066134,certain
22.03,-51.38782336,64.130674,certain
22.04,-51.38779408,64.13068614,certain
22.05,-51.38776341,64.13069885,likely
22.06,-51.3866206,64.13122242,certain
22.07,-51.38659225,64.13123499,certain
22.08,-51.38656344,64.13124795,certain
22.09,-51.38653402,64.1312609,certain
22.1,-51.38650617,64.13127425,certain
23,-51.3864805,64.13128696,certain
23.01,-51.38645314,64.13130038,certain
23.02,-51.38642722,64.13131369,certain
23.03,-51.38640127,64.13132662,certain
23.04,-51.38637482,64.1313393,certain
23.05,-51.38634938,64.13135281,certain
23.06,-51.38611535,64.13146414,certain
23.07,-51.38608819,64.13147721,certain
23.08,-51.38605979,64.13148885,likely
23.09,-51.38603035,64.13150195,likely
23.1,-51.3860017,64.13151498,certain
24,-51.38597118,64.13152827,certain
25,-51.38575968,64.13162293,certain
25.01,-51.3857298,64.13163433,certain
25.02,-51.38570273,64.13164624,certain
25.03,-51.38564189,64.13167055,certain
25.04,-51.38561355,64.13168266,certain
25.05,-51.38558509,64.13169427,certain
25.06,-51.38570153,64.13167152,possible
25.07,-51.38572971,64.13168458,possible
25.08,-51.38575788,64.13169765,possible
25.09,-51.38564546,64.13164528,possible
25.1,-51.38561745,64.13163206,possible
26,-51.38557046,64.13170081,certain
26.01,-51.38553992,64.13171205,certain
26.02,-51.38550915,64.13172377,certain
26.03,-51.38556852,64.131723,certain
26.04,-51.38559885,64.13173683,likely
26.05,-51.38551079,64.13169973,certain
26.06,-51.38548123,64.1316867,certain
27,-51.38547633,64.13173588,certain
27.01,-51.38544983,64.13174785,certain
27.02,-51.3854212,64.13176029,certain
27.03,-51.38538909,64.13177205,likely
27.04,-51.3853615,64.13178479,certain
27.05,-51.38532999,64.1317968,certain
27.06,-51.38530051,64.13180881,certain
27.07,-51.38527068,64.13182115,likely
27.08,-51.38538867,64.13179758,certain
27.09,-51.3854155,64.13181112,certain
27.1,-51.38532837,64.13177373,certain
28,-51.38524929,64.13183002,certain
28.01,-51.38521889,64.13184223,certain
28.02,-51.38518878,64.13185443,certain
28.03,-51.38515807,64.1318664,certain
28.04,-51.38512755,64.13187866,certain
28.05,-51.385097,64.13189033,certain
28.06,-51.38501408,64.13192314,certain
28.07,-51.38498421,64.13193478,certain
29,-51.38486488,64.13198237,certain
29.01,-51.38483447,64.13199416,certain
29.02,-51.38480319,64.13200612,certain
29.03,-51.38477388,64.13201811,certain
29.04,-51.38474284,64.13202976,certain
29.05,-51.38471226,64.13204215,certain
29.06,-51.38451533,64.13211903,certain
29.07,-51.38448642,64.13213151,certain
29.08,-51.38442538,64.13215555,likely
29.09,-51.38439487,64.13216758,likely
30,-51.38436647,64.13217877,certain
31,-51.38400997,64.13233575,certain
31.01,-51.38397995,64.13234901,certain
31.02,-51.38395073,64.13236135,certain
31.03,-51.3839233,64.13237446,certain
31.04,-51.38389658,64.1323881,likely
31.05,-51.38386649,64.13240064,certain
31.06,-51.38383866,64.13241396,certain
31.07,-51.38381434,64.13242794,certain
31.08,-51.38378435,64.13243991,likely
31.09,-51.38375637,64.13245283,likely
31.1,-51.38389607,64.13241358,certain
32,-51.38372443,64.13246757,likely
33,-51.38341348,64.13261112,certain
33.01,-51.38338723,64.13262369,certain
33.02,-51.38335824,64.13263691,certain
33.03,-51.38333296,64.13264941,certain
33.04,-51.38330362,64.13266226,certain
33.05,-51.3832788,64.13267688,certain
33.06,-51.38324456,64.13268735,certain
33.07,-51.38321809,64.13270172,certain
33.08,-51.38333718,64.1326724,certain
33.09,-51.38337097,64.13268231,certain
33.1,-51.38327353,64.13265202,certain
34,-51.38320341,64.13270839,certain
34.01,-51.38317557,64.13272149,certain
34.02,-51.38314544,64.13273382,likely
34.03,-51.38311647,64.13274653,likely
34.04,-51.38308754,64.13275922,likely
34.05,-51.38305855,64.13277194,likely
34.06,-51.38296613,64.13281248,likely
34.07,-51.38293714,64.1328252,likely
34.08,-51.38287917,64.13285064,likely
34.09,-51.38284944,64.13286368,likely
35,-51.38282119,64.13287607,certain
35.01,-51.38279339,64.13288929,likely
35.02,-51.38277225,64.13289935,certain
35.03,-51.38280322,64.13290939,certain
35.04,-51.38283346,64.13292026,certain
35.05,-51.3828657,64.13293127,likely
35.06,-51.38289808,64.13294233,likely
35.07,-51.38293034,64.13295335,likely
35.08,-51.38296255,64.13296435,likely
35.09,-51.38299485,64.13297539,likely
35.1,-51.38273981,64.13288826,likely
36,-51.38274224,64.13291362,certain
36.01,-51.38267601,64.13294021,certain
36.02,-51.38265242,64.13295489,certain
36.03,-51.38270212,64.13295662,certain
36.04,-51.38265521,64.13292715,likely
37,-51.38262558,64.13296879,certain
37.01,-51.38261232,64.1329752,likely
37.02,-51.38258468,64.13298854,certain
37.03,-51.38262984,64.13299351,likely
37.04,-51.38256884,64.13296946,likely
38,-51.38257307,64.13299419,certain
38.01,-51.38253615,64.13301171,certain
38.02,-51.38251598,64.13302215,certain
38.03,-51.38255777,64.1330228,certain
39,-51.38250611,64.13302489,certain
39.01,-51.38247871,64.13303832,certain
39.02,-51.38245163,64.13305136,certain
39.03,-51.38242546,64.13306372,certain
39.04,-51.38240068,64.13307636,certain
39.05,-51.38237354,64.1330898,likely
39.06,-51.38228734,64.133132,likely
39.07,-51.38225995,64.13314542,likely
39.08,-51.38223255,64.13315883,likely
39.09,-51.3822052,64.13317222,likely
39.1,-51.38217783,64.13318562,likely
40,-51.38215048,64.13319902,likely
41,-51.3816075,64.13346486,likely
41.01,-51.38158015,64.13347826,likely
41.02,-51.38155276,64.13349167,likely
41.03,-51.38152528,64.13350512,likely
41.04,-51.38149873,64.13351888,certain
41.05,-51.38147301,64.13353102,certain
41.06,-51.38144581,64.13354444,likely
41.07,-51.38158311,64.13350361,uncertain
41.08,-51.38161362,64.13351561,uncertain
41.09,-51.38164434,64.1335277,uncertain
41.1,-51.38152182,64.13347986,uncertain
42,-51.38141646,64.13355888,likely
43,-51.38105266,64.13383008,likely
43.01,-51.3810282,64.13384674,likely
43.02,-51.38100601,64.13386185,likely
43.03,-51.38098383,64.13387695,certain
43.04,-51.38096167,64.13389205,likely
43.05,-51.38101465,64.13388879,likely
43.06,-51.38104551,64.13390065,likely
43.07,-51.38095299,64.1338651,likely
43.08,-51.38092449,64.1338552,certain
43.09,-51.38089901,64.13384437,certain
43.1,-51.38086043,64.13382954,likely
44,-51.38089221,64.13393935,likely
44.01,-51.38087006,64.13395444,possible
44.02,-51.38084789,64.13396954,possible
44.03,-51.38082573,64.13398463,possible
44.04,-51.38080358,64.13399972,possible
44.05,-51.38078143,64.1340148,possible
44.06,-51.38052676,64.13418906,certain
44.07,-51.38050371,64.13420394,likely
44.08,-51.38048071,64.13421859,certain
44.09,-51.38046123,64.13423182,certain
44.1,-51.38044028,64.13424714,likely
45,-51.38041537,64.1342641,certain
46,-51.3801998,64.13440792,certain
46.01,-51.38017714,64.13442311,likely
46.02,-51.38015545,64.13443765,likely
46.03,-51.38013348,64.1344529,certain
46.04,-51.38011396,64.13446766,certain
46.05,-51.38009096,64.13448299,certain
46.06,-51.38006925,64.134498,certain
46.07,-51.38004518,64.13451277,certain
46.08,-51.38016479,64.13446352,certain
46.09,-51.38020135,64.13447565,likely
46.1,-51.3801028,64.13444297,certain
47,-51.38002975,64.1345219,certain
47.01,-51.3800091,64.13453775,certain
47.02,-51.3799869,64.13455173,certain
47.03,-51.37996536,64.13456675,certain
47.04,-51.37994497,64.1345824,certain
47.05,-51.37992341,64.1345972,certain
47.06,-51.37990293,64.13461227,certain
47.07,-51.37988866,64.13463003,certain
47.08,-51.37997894,64.13459146,certain
47.09,-51.38001293,64.13460181,likely
47.1,-51.37991183,64.13457086,certain
48,-51.37986169,64.13464423,certain
48.01,-51.37983751,64.13465854,certain
48.02,-51.37981372,64.13467276,certain
48.03,-51.37979041,64.13468773,certain
48.04,-51.37976715,64.13470225,certain
48.05,-51.37974285,64.13471663,certain
48.06,-51.37969789,64.13474328,likely
48.07,-51.37967718,64.13475917,certain
48.08,-51.37965681,64.13477437,certain
48.09,-51.37963528,64.13478958,certain
48.1,-51.37961477,64.13480512,likely
49,-51.37959401,64.1348204,certain
49.01,-51.37957242,64.13483653,certain
49.02,-51.37954947,64.13485082,certain
49.03,-51.37959623,64.13485415,certain
49.04,-51.37951904,64.13483327,likely
50,-51.37952762,64.1348656,certain
50.01,-51.3795042,64.13488018,certain
50.02,-51.37948114,64.13489636,certain
50.03,-51.37945779,64.13490954,certain
50.04,-51.37943477,64.13492397,certain
50.05,-51.37941518,64.1349407,likely
50.06,-51.37885863,64.13531238,likely
50.07,-51.37883611,64.13532741,likely
50.08,-51.37881045,64.13534146,certain
50.09,-51.37879163,64.13535712,likely
50.1,-51.37876834,64.13537145,certain
51,-51.37874774,64.13538632,certain
51.01,-51.37873712,64.13539383,likely
51.02,-51.37871479,64.1354089,certain
51.03,-51.37876099,64.13541183,certain
51.04,-51.37869524,64.13539552,certain
52,-51.37870541,64.13541625,certain
52.01,-51.37868243,64.13543119,certain
52.02,-51.37865954,64.13544548,certain
52.03,-51.37863699,64.1354602,certain
52.04,-51.37861526,64.13547498,certain
52.05,-51.37859166,64.13548984,certain
52.06,-51.37830227,64.13568362,likely
52.07,-51.3782797,64.13569861,likely
52.08,-51.37825713,64.1357136,likely
52.09,-51.37823454,64.1357286,likely
52.1,-51.37821182,64.13574356,certain
53,-51.37818838,64.13575925,certain
53.01,-51.37817353,64.13576922,possible
53.02,-51.37815113,64.13578426,possible
53.03,-51.37813608,64.13576123,certain
54,-51.37813685,64.13579385,certain
54.01,-51.37812241,64.13580257,uncertain
54.02,-51.37809837,64.13581709,uncertain
54.03,-51.37814319,64.13582065,uncertain
54.04,-51.37817648,64.13583117,uncertain
54.05,-51.37820977,64.13584169,uncertain
55,-51.3780822,64.13582681,certain
55.01,-51.37806044,64.1358414,likely
55.02,-51.37803803,64.13585643,likely
55.03,-51.3780156,64.13587148,likely
55.04,-51.37799319,64.13588651,likely
55.05,-51.37797077,64.13590155,likely
55.06,-51.37764877,64.13611259,certain
55.07,-51.37762906,64.13612702,certain
55.08,-51.37760795,64.13614162,certain
55.09,-51.37758727,64.13615702,certain
55.1,-51.37756658,64.13617167,certain
56,-51.37754542,64.13618683,certain
56.01,-51.37752322,64.13620294,certain
56.02,-51.37750123,64.13621808,likely
56.03,-51.37755564,64.13621274,certain
56.04,-51.37748167,64.13619866,certain
57,-51.3774909,64.13622548,certain
57.01,-51.37746685,64.13624052,certain
57.02,-51.37744507,64.13625509,certain
57.03,-51.3774166,64.13626723,certain
57.04,-51.37739286,64.13628129,certain
57.05,-51.37736968,64.13629534,certain
57.06,-51.37699945,64.1365614,likely
57.07,-51.37697361,64.13657535,certain
57.08,-51.37695718,64.13659333,certain
57.09,-51.37693099,64.13660453,certain
57.1,-51.37690976,64.13661998,certain
58,-51.37689175,64.13663501,certain
59,-51.37649838,64.13690195,certain
59.01,-51.37647503,64.13691677,likely
59.02,-51.37645205,64.13693166,certain
59.03,-51.37642867,64.13694627,certain
59.04,-51.37640762,64.13696081,certain
59.05,-51.3763855,64.13697545,certain
59.06,-51.37619109,64.13709797,certain
59.07,-51.37616064,64.13711389,certain
59.08,-51.37614547,64.1371281,certain
59.09,-51.37612128,64.13714299,certain
59.1,-51.37609839,64.13715726,certain
60,-51.37607795,64.13717332,certain
60.01,-51.37605539,64.13718831,certain
60.02,-51.37603926,64.13720705,certain
60.03,-51.37609094,64.1371974,likely
60.04,-51.3761237,64.13720577,likely
60.05,-51.37601597,64.13718051,certain
60.06,-51.37598128,64.13716971,certain
61,-51.37601532,64.13721529,certain
61.01,-51.37599547,64.13723024,certain
61.02,-51.3759731,64.13724576,certain
61.03,-51.37595257,64.13726046,certain
61.04,-51.37592973,64.13727527,certain
61.05,-51.37590846,64.13729034,certain
61.06,-51.37591886,64.13725149,certain
61.07,-51.37588492,64.13724265,certain
62,-51.37589464,64.13729895,certain
62.01,-51.37587043,64.1373138,certain
62.02,-51.37584955,64.13732781,certain
62.03,-51.37582746,64.13734254,certain
62.04,-51.37580362,64.13735821,certain
62.05,-51.37578171,64.13737188,certain
62.06,-51.37433761,64.13837099,certain
62.07,-51.37431527,64.13838549,certain
62.08,-51.3742946,64.13840055,certain
62.09,-51.37427287,64.13841578,likely
62.1,-51.37425365,64.13842901,likely
63,-51.37423164,64.13844416,certain
63.01,-51.3742207,64.13845244,certain
63.02,-51.37419778,64.13846624,certain
63.03,-51.3741756,64.13848133,likely
63.04,-51.37416656,64.13845649,certain
64,-51.37416261,64.13848994,certain
64.01,-51.37414089,64.13850548,certain
64.02,-51.37411758,64.13851996,likely
64.03,-51.37408371,64.13854433,certain
64.04,-51.37405522,64.13856154,likely
64.05,-51.37403205,64.13857612,certain
64.06,-51.37401097,64.13859005,certain
64.07,-51.37399324,64.13860286,likely
64.08,-51.37397375,64.1386152,certain
64.09,-51.3740881,64.13857101,certain
64.1,-51.37401934,64.13855119,likely
65,-51.37395342,64.13862941,certain
65.01,-51.37393221,64.1386446,likely
65.02,-51.37391085,64.13865989,likely
65.03,-51.37388948,64.13867521,likely
65.04,-51.37386808,64.13869053,likely
65.05,-51.3738467,64.13870584,likely
65.06,-51.3737942,64.13874344,likely
65.07,-51.37377279,64.13875878,likely
65.08,-51.37375139,64.1387741,likely
65.09,-51.37372995,64.13878945,likely
65.1,-51.37371061,64.13880526,certain
66,-51.37368637,64.13882063,likely
66.01,-51.37366943,64.13883653,certain
66.02,-51.37364928,64.13885126,certain
66.03,-51.37362675,64.13886745,certain
66.04,-51.37360716,64.13888286,certain
66.05,-51.37358474,64.1388982,certain
66.06,-51.37356336,64.1389126,certain
66.07,-51.37353821,64.13892678,likely
66.08,-51.37351683,64.13894208,likely
66.09,-51.37361737,64.13890831,certain
66.1,-51.37354438,64.13888673,likely
67,-51.37347145,64.13897459,certain
67.01,-51.3734497,64.13898949,certain
67.02,-51.37342822,64.13900463,certain
67.03,-51.3734059,64.13901955,certain
67.04,-51.37338408,64.13903471,certain
67.05,-51.37336229,64.13905066,certain
67.06,-51.3733406,64.13906529,certain
67.07,-51.37331885,64.13908012,certain
67.08,-51.37329696,64.13909579,certain
67.09,-51.37327606,64.13911042,certain
67.1,-51.37325336,64.13912568,certain
68,-51.37323615,64.13913567,certain
68.01,-51.37321282,64.13915311,certain
68.02,-51.37319223,64.13916812,certain
68.03,-51.37317038,64.13918196,certain
68.04,-51.37314931,64.13919701,certain
68.05,-51.37312991,64.13921223,certain
68.06,-51.37310767,64.13922676,certain
68.07,-51.37308672,64.13924254,certain
68.08,-51.37306498,64.13925813,certain
68.09,-51.37304449,64.13927307,certain
68.1,-51.3730221,64.13928818,certain
69,-51.37300782,64.13929909,certain
69.01,-51.37298821,64.13931425,certain
69.02,-51.37296782,64.13933012,certain
69.03,-51.37294994,64.13934485,certain
69.04,-51.37293252,64.13935938,certain
69.05,-51.37290991,64.13937534,certain
69.06,-51.37173044,64.14018552,certain
69.07,-51.37170957,64.14019992,certain
69.08,-51.37168837,64.14021452,certain
69.09,-51.37167361,64.14023042,likely
69.1,-51.3716511,64.14024414,certain
70,-51.37163218,64.14025931,certain
70.01,-51.3716127,64.14027426,certain
70.02,-51.37159225,64.14028975,certain
70.03,-51.37157289,64.1403046,certain
70.04,-51.37155429,64.14031811,certain
70.05,-51.37162316,64.14029931,certain
70.06,-51.37156016,64.14027908,certain
71,-51.37154089,64.14032829,certain
71.01,-51.37153133,64.14033412,certain
71.02,-51.37151097,64.14034756,certain
71.03,-51.37149493,64.14036068,certain
71.04,-51.37147405,64.14037623,certain
71.05,-51.37145406,64.14038873,certain
71.06,-51.37143616,64.14040334,certain
71.07,-51.37151805,64.14037857,uncertain
71.08,-51.37155305,64.14038801,uncertain
71.09,-51.37144814,64.14035971,uncertain
71.1,-51.37141319,64.14035029,uncertain
72,-51.37142441,64.14041067,certain
72.01,-51.37140549,64.14042442,certain
72.02,-51.37138407,64.14043787,certain
72.03,-51.37136424,64.14045201,certain
72.04,-51.37141876,64.14044796,certain
72.05,-51.37145633,64.14045741,certain
72.06,-51.37135532,64.14042679,certain
72.07,-51.37132316,64.14041521,certain
73,-51.37134844,64.14046396,certain
73.01,-51.37132846,64.14047795,certain
73.02,-51.37130983,64.14049128,certain
73.03,-51.37129407,64.14050304,certain
73.04,-51.37127416,64.14051883,likely
73.05,-51.37125326,64.14053427,likely
73.06,-51.37122972,64.14054939,certain
73.07,-51.37121529,64.1405604,certain
73.08,-51.37119634,64.14057632,likely
73.09,-51.37130953,64.14052797,uncertain
73.1,-51.37123878,64.1405097,uncertain
74,-51.3711811,64.14058757,possible
74.01,-51.37116331,64.14060206,certain
74.02,-51.37114108,64.14061714,possible
74.03,-51.37111967,64.14063295,possible
74.04,-51.3711973,64.14061308,certain
74.05,-51.37123098,64.14062331,possible
74.06,-51.37113079,64.14059287,certain
75,-51.3711079,64.14064165,uncertain
76,-51.36887657,64.14214569,certain
76.01,-51.36885476,64.14216089,likely
76.02,-51.36883297,64.14217607,likely
76.03,-51.36881113,64.14219129,likely
76.04,-51.3687893,64.1422065,likely
76.05,-51.36876749,64.1422217,likely
76.06,-51.36803355,64.14273312,likely
76.07,-51.36801172,64.14274833,likely
76.08,-51.36798987,64.14276355,likely
76.09,-51.36796808,64.14277874,likely
76.1,-51.36794626,64.14279394,likely
77,-51.36792443,64.14280915,certain
77.01,-51.36790221,64.14282424,likely
77.02,-51.36788053,64.14283819,certain
77.03,-51.36785779,64.14285443,likely
77.04,-51.3678337,64.14286754,certain
77.05,-51.36781125,64.14288175,certain
77.06,-51.36779062,64.14289545,certain
77.07,-51.3677705,64.14290941,certain
77.08,-51.36775482,64.14292211,certain
77.09,-51.3678719,64.14287804,uncertain
77.1,-51.36780275,64.14285863,uncertain
78,-51.36774373,64.14293192,certain
78.01,-51.36772818,64.14294397,certain
78.02,-51.36771393,64.142956,certain
78.03,-51.36769501,64.14296834,certain
78.04,-51.36767741,64.14298113,certain
78.05,-51.36773302,64.14297161,certain
78.06,-51.36777142,64.1429764,certain
78.07,-51.36781193,64.14298048,certain
78.08,-51.36765747,64.14296756,certain
78.09,-51.36761609,64.14296229,certain
78.1,-51.36757582,64.14295855,likely
79,-51.36765411,64.14299695,certain
79.01,-51.3676357,64.1430098,certain
79.02,-51.36761923,64.1430193,certain
79.03,-51.367603,64.14303125,likely
79.04,-51.3675878,64.14304305,certain
79.05,-51.36756599,64.14305672,certain
79.06,-51.36764379,64.14302925,likely
79.07,-51.36768461,64.14302725,likely
79.08,-51.36772542,64.14302526,likely
79.09,-51.36756147,64.14303431,certain
79.1,-51.36751991,64.14303532,certain
80,-51.36754985,64.14306692,certain
81,-51.36707061,64.1432284,certain
81.01,-51.36704909,64.14324417,likely
81.02,-51.36702741,64.14326024,certain
81.03,-51.36700747,64.14327465,likely
81.04,-51.36699909,64.1432866,certain
81.05,-51.36696565,64.14330529,likely
81.06,-51.36634944,64.14375665,likely
81.07,-51.36632842,64.14377206,likely
81.08,-51.36630737,64.14378747,likely
81.09,-51.36628633,64.14380288,likely
81.1,-51.36626531,64.14381828,likely
82,-51.36624426,64.1438337,certain
83,-51.36597069,64.14401785,certain
83.01,-51.36594177,64.14403059,likely
83.02,-51.36591283,64.14404333,likely
83.03,-51.3658839,64.14405607,likely
83.04,-51.36585539,64.14406882,certain
83.05,-51.36582746,64.14408171,certain
83.06,-51.3651893,64.14436196,possible
83.07,-51.36516037,64.1443747,possible
83.08,-51.36513143,64.14438744,possible
83.09,-51.36510249,64.14440018,possible
83.1,-51.36507355,64.14441293,possible
84,-51.36504461,64.14442567,possible
100,-51.39027909,64.13611497,likely
100.01,-51.39028151,64.13609852,likely
100.02,-51.39028416,64.13608058,likely
100.03,-51.39028804,64.13606269,certain
100.04,-51.39029181,64.13604513,certain
100.05,-51.39029396,64.13602693,certain
100.06,-51.39029441,64.13600875,certain
100.07,-51.39029518,64.13599129,certain
100.08,-51.39029997,64.13597343,likely
100.09,-51.39032858,64.13604727,certain
100.1,-51.3902535,64.13604361,certain
101,-51.39030155,64.13596274,certain
101.01,-51.39030355,64.13594464,certain
101.02,-51.3903062,64.1359269,likely
101.03,-51.39030327,64.1359155,certain
101.04,-51.3903103,64.13589093,certain
101.05,-51.39031306,64.13587365,certain
101.06,-51.39031565,64.13585545,certain
101.07,-51.39031783,64.13583735,likely
102,-51.39032016,64.13581937,likely
103,-51.39035649,64.13548014,certain
103.01,-51.39035616,64.13546219,likely
103.02,-51.39035242,64.13544539,certain
103.03,-51.39035551,64.13542628,likely
103.04,-51.39035519,64.13540829,likely
103.05,-51.39035487,64.13539041,likely
103.06,-51.39033821,64.13447065,likely
103.07,-51.39033789,64.1344527,likely
103.08,-51.39033756,64.13443475,likely
103.09,-51.39033724,64.13441681,likely
103.1,-51.39033691,64.13439886,likely
104,-51.39033659,64.13438091,likely
104.01,-51.39033677,64.13437198,likely
104.02,-51.39033775,64.13435395,certain
104.03,-51.39033775,64.13433661,certain
104.04,-51.39033844,64.13431825,certain
104.05,-51.39033823,64.13429925,certain
104.06,-51.3903392,64.1342832,certain
104.07,-51.39037895,64.13430186,certain
104.08,-51.39029692,64.1342966,certain
105,-51.39033894,64.13426423,certain
105.01,-51.39034073,64.13424678,certain
105.02,-51.39033738,64.1342296,certain
105.03,-51.39033542,64.13421208,certain
105.04,-51.39033146,64.1341942,certain
105.05,-51.39032963,64.13417755,certain
105.06,-51.39032849,64.13415942,certain
105.07,-51.39032916,64.13414242,certain
105.08,-51.39032464,64.13412675,certain
105.09,-51.39036854,64.13415924,certain
105.1,-51.39028312,64.13416017,certain
106,-51.39032455,64.1341087,certain
106.01,-51.39032489,64.13409068,likely
106.02,-51.39032523,64.13407281,likely
106.03,-51.39032872,64.13405555,certain
106.04,-51.39032846,64.1340381,certain
106.05,-51.39032918,64.1340196,certain
106.06,-51.39033115,64.13385784,certain
106.07,-51.39032967,64.13384034,likely
106.08,-51.39033039,64.13382272,certain
106.09,-51.39033033,64.13380568,likely
106.1,-51.39033146,64.13378786,certain
107,-51.39033099,64.13377098,certain
200,-51.37369169,64.1369163,certain
200.01,-51.37443852,64.13712169,likely
200.02,-51.37440229,64.13711322,certain
200.03,-51.37436759,64.13710423,certain
200.04,-51.37433338,64.13709446,certain
200.05,-51.37429976,64.13708531,certain
200.06,-51.37386231,64.13696291,certain
200.07,-51.37382793,64.13695351,certain
200.08,-51.37379369,64.136944,certain
200.09,-51.37376,64.13693478,certain
200.1,-51.37372448,64.13692548,certain
200.11,-51.3744559,64.13710547,certain
200.12,-51.37442064,64.13709693,certain
200.13,-51.37438949,64.13708854,certain
200.14,-51.37435525,64.1370793,certain
200.15,-51.37431953,64.13707003,certain
200.16,-51.37388373,64.13694801,certain
200.17,-51.37384945,64.13693816,certain
200.18,-51.3738153,64.13692818,likely
200.19,-51.3737799,64.13691792,certain
200.2,-51.37374566,64.136908,likely
201,-51.37447302,64.13713118,certain